name	start	end	entryoff
teon.com/root-go/root.apiGetConfig	0x257ed0	0x258030	0x257ed0
teon.com/root-go/root.apiGetConfigFromAWS	0x258030	0x258270	0x258030
teon.com/root-go/root.apiFeedback	0x258270	0x2583f0	0x258270
teon.com/root-go/root.apiReport	0x2583f0	0x258550	0x2583f0
teon.com/root-go/root.apiDiagnosis	0x258550	0x258690	0x258550
teon.com/root-go/root.doJSONRequest	0x258690	0x258860	0x258690
teon.com/root-go/root.decryptData	0x258860	0x2589f0	0x258860
teon.com/root-go/root.updateConfig	0x2589f0	0x258f30	0x2589f0
teon.com/root-go/root.verifyAndDecryptResponseBody	0x258f30	0x259110	0x258f30
teon.com/root-go/root.parseKey	0x259110	0x259210	0x259110
teon.com/root-go/root.isResponseSignValid	0x259210	0x259360	0x259210
teon.com/root-go/root.decryptResponseData	0x259360	0x259560	0x259360
teon.com/root-go/root.(*startDiagnosticsDoRequestListener).OnReceived	0x259560	0x259630	0x259560
teon.com/root-go/root.(*startDiagnosticsVerifyResponseListener).OnReceived	0x259630	0x2596a0	0x259630
teon.com/root-go/root.startDiagnostics	0x2596a0	0x259d60	0x2596a0
teon.com/root-go/root.startDiagnostics.Printf.func1	0x259d60	0x259dd0	0x259d60
teon.com/root-go/root.getPublicIP	0x259dd0	0x25a060	0x259dd0
teon.com/root-go/root.encryptAndSendDiagnosticReport	0x25a060	0x25a190	0x25a060
teon.com/root-go/root.encryptDiagnosticReport	0x25a190	0x25a280	0x25a190
teon.com/root-go/root.sendDiagnosticReport	0x25a280	0x25a530	0x25a280
teon.com/root-go/root.sendDiagnosticReport.Printf.func4	0x25a530	0x25a5a0	0x25a530
teon.com/root-go/root.sendDiagnosticReport.Println.func3	0x25a5a0	0x25a600	0x25a5a0
teon.com/root-go/root.sendDiagnosticReport.Println.func2	0x25a600	0x25a660	0x25a600
teon.com/root-go/root.sendDiagnosticReport.func1	0x25a660	0x25a6c0	0x25a660
teon.com/root-go/root.getRootSecretKey	0x25a6c0	0x25a790	0x25a6c0
teon.com/root-go/root.setKeys	0x25a790	0x25a860	0x25a790
teon.com/root-go/root.newDoRequestResultFromError	0x25a860	0x25a9a0	0x25a860
teon.com/root-go/root.newDoRequestResult	0x25a9a0	0x25ac70	0x25a9a0
teon.com/root-go/root.doRequest	0x25ac70	0x25ae30	0x25ac70
teon.com/root-go/root.doRequest.func1	0x25ae30	0x25ae90	0x25ae30
teon.com/root-go/root.getDirectoryServiceDomainName	0x25ae90	0x25b130	0x25ae90
teon.com/root-go/root.retryWhenServerError	0x25b130	0x25b240	0x25b130
teon.com/root-go/root.retryWhenServerError.Println.func1	0x25b240	0x25b2a0	0x25b240
teon.com/root-go/root.doRequests	0x25b2a0	0x25b620	0x25b2a0
teon.com/root-go/root.doRequests.Printf.func3	0x25b620	0x25b690	0x25b620
teon.com/root-go/root.doRequests.Printf.func2	0x25b690	0x25b700	0x25b690
teon.com/root-go/root.doRequests.Printf.func1	0x25b700	0x25b770	0x25b700
teon.com/root-go/root.Init	0x25b770	0x25b7e0	0x25b770
teon.com/root-go/root.GetConfigWithJson	0x25b7e0	0x25b8e0	0x25b7e0
teon.com/root-go/root.FeedbackWithJson	0x25b8e0	0x25b9a0	0x25b8e0
teon.com/root-go/root.ReportWithJson	0x25b9a0	0x25ba60	0x25b9a0
teon.com/root-go/root.newVerifyResponseResultFromError	0x25ba60	0x25bb80	0x25ba60
teon.com/root-go/root.newVerifyResponseResult	0x25bb80	0x25bc60	0x25bb80
teon.com/root-go/root.getConfig	0x25bc60	0x25bf10	0x25bc60
teon.com/root-go/root.getConfig.func1	0x25bf10	0x25bf60	0x25bf10
teon.com/root-go/root.handleGetConfigResponse	0x25bf60	0x25c170	0x25bf60
teon.com/root-go/root.getConfigFromAWS	0x25c170	0x25c2e0	0x25c170
teon.com/root-go/root.getConfigFromAWS.Printf.func2	0x25c2e0	0x25c350	0x25c2e0
teon.com/root-go/root.getConfigFromAWS.Printf.func1	0x25c350	0x25c3c0	0x25c350
teon.com/root-go/root.feedback	0x25c3c0	0x25c670	0x25c3c0
teon.com/root-go/root.feedback.func1	0x25c670	0x25c6c0	0x25c670
teon.com/root-go/root.report	0x25c6c0	0x25c970	0x25c6c0
teon.com/root-go/root.report.func1	0x25c970	0x25c9c0	0x25c970
teon.com/root-go/root.nowInUTCByNTP	0x25c9c0	0x25cb50	0x25c9c0
teon.com/root-go/root.nowInUTC	0x25cb50	0x25cbf0	0x25cb50
teon.com/root-go/root.lessThanSevenDaysFromNow	0x25cbf0	0x25cd20	0x25cbf0
teon.com/root-go/root.moreThanAnHourDiffFromLocalTime	0x25cd20	0x25ce60	0x25cd20
teon.com/root-go/root.showLogs	0x25ce60	0x25cee0	0x25ce60
teon.com/root-go/root.shuffleStringArray	0x25cee0	0x25d040	0x25cee0
teon.com/root-go/root.shuffleStringArray.func1	0x25d040	0x25d110	0x25d040
teon.com/root-go/root.isBase64	0x25d110	0x25d1e0	0x25d110
type:.eq.teon.com/root-go/root.DoRequestResult	0x25d1e0	0x25d2f0	0x25d1e0
type:.eq.teon.com/root-go/root.ConfigParams	0x25d2f0	0x25d450	0x25d2f0
type:.eq.teon.com/root-go/root.DeviceParams	0x25d450	0x25d550	0x25d450
type:.eq.teon.com/root-go/root.VerifyResponseResult	0x25d550	0x25d5f0	0x25d550
type:.eq.teon.com/root-go/root.FeedbackParams	0x25d5f0	0x25d850	0x25d5f0
type:.eq.teon.com/root-go/root.ReportParams	0x25d850	0x25d900	0x25d850
type:.eq.teon.com/root-go/root.EventParams	0x25d900	0x25d9b0	0x25d900
type:.eq.teon.com/root-go/root.keychain	0x25d9b0	0x25dab0	0x25d9b0
