caller	callee
teon.com/root-go/root.apiGetConfigFromAWS	runtime.unspillArgs
teon.com/root-go/root.decryptData	runtime.unspillArgs
teon.com/root-go/root.verifyAndDecryptResponseBody	runtime.unspillArgs
teon.com/root-go/root.parseKey	runtime.unspillArgs
teon.com/root-go/root.isResponseSignValid	runtime.unspillArgs
teon.com/root-go/root.decryptResponseData	runtime.getfp
teon.com/root-go/root.decryptResponseData	runtime.unspillArgs
teon.com/root-go/root.setKeys	runtime.panicSliceB
teon.com/root-go/root.setKeys	runtime.unspillArgs
teon.com/root-go/root.doRequest	runtime.getfp
teon.com/root-go/root.doRequest	runtime.panicSliceB
teon.com/root-go/root.doRequest	runtime.unspillArgs
teon.com/root-go/root.doRequests	runtime.debugCallV2
teon.com/root-go/root.GetConfigWithJson	runtime.unspillArgs
teon.com/root-go/root.getConfig	runtime.gcWriteBarrier7
teon.com/root-go/root.getConfig	runtime.unspillArgs
teon.com/root-go/root.getConfig	runtime.gcWriteBarrier8
teon.com/root-go/root.getConfigFromAWS	runtime.unspillArgs
