name	entry	end
teon.com/root-go/root.apiGetConfig	0x380660	0x3807c0
teon.com/root-go/root.apiGetConfigFromAWS	0x3807c0	0x380a00
teon.com/root-go/root.apiFeedback	0x380a00	0x380b80
teon.com/root-go/root.apiReport	0x380b80	0x380ce0
teon.com/root-go/root.apiDiagnosis	0x380ce0	0x380e20
teon.com/root-go/root.doJSONRequest	0x380e20	0x380ff0
teon.com/root-go/root.decryptData	0x380ff0	0x381180
teon.com/root-go/root.updateConfig	0x381180	0x3816c0
teon.com/root-go/root.verifyAndDecryptResponseBody	0x3816c0	0x3818a0
teon.com/root-go/root.parseKey	0x3818a0	0x3819a0
teon.com/root-go/root.isResponseSignValid	0x3819a0	0x381af0
teon.com/root-go/root.decryptResponseData	0x381af0	0x381cf0
teon.com/root-go/root.(*startDiagnosticsDoRequestListener).OnReceived	0x381cf0	0x381dc0
teon.com/root-go/root.(*startDiagnosticsVerifyResponseListener).OnReceived	0x381dc0	0x381e30
teon.com/root-go/root.startDiagnostics	0x381e30	0x3824f0
teon.com/root-go/root.startDiagnostics.Printf.func1	0x3824f0	0x382560
teon.com/root-go/root.getPublicIP	0x382560	0x3827f0
teon.com/root-go/root.encryptAndSendDiagnosticReport	0x3827f0	0x382920
teon.com/root-go/root.encryptDiagnosticReport	0x382920	0x382a10
teon.com/root-go/root.sendDiagnosticReport	0x382a10	0x382cc0
teon.com/root-go/root.sendDiagnosticReport.Printf.func4	0x382cc0	0x382d30
teon.com/root-go/root.sendDiagnosticReport.Println.func3	0x382d30	0x382d90
teon.com/root-go/root.sendDiagnosticReport.Println.func2	0x382d90	0x382df0
teon.com/root-go/root.sendDiagnosticReport.func1	0x382df0	0x382e50
teon.com/root-go/root.getRootSecretKey	0x382e50	0x382f20
teon.com/root-go/root.setKeys	0x382f20	0x382ff0
teon.com/root-go/root.newDoRequestResultFromError	0x382ff0	0x383130
teon.com/root-go/root.newDoRequestResult	0x383130	0x383400
teon.com/root-go/root.doRequest	0x383400	0x3835c0
teon.com/root-go/root.doRequest.func1	0x3835c0	0x383620
teon.com/root-go/root.getDirectoryServiceDomainName	0x383620	0x3838c0
teon.com/root-go/root.retryWhenServerError	0x3838c0	0x3839d0
teon.com/root-go/root.retryWhenServerError.Println.func1	0x3839d0	0x383a30
teon.com/root-go/root.doRequests	0x383a30	0x383db0
teon.com/root-go/root.doRequests.Printf.func3	0x383db0	0x383e20
teon.com/root-go/root.doRequests.Printf.func2	0x383e20	0x383e90
teon.com/root-go/root.doRequests.Printf.func1	0x383e90	0x383f00
teon.com/root-go/root.Init	0x383f00	0x383f70
teon.com/root-go/root.GetConfigWithJson	0x383f70	0x384070
teon.com/root-go/root.FeedbackWithJson	0x384070	0x384130
teon.com/root-go/root.ReportWithJson	0x384130	0x3841f0
teon.com/root-go/root.newVerifyResponseResultFromError	0x3841f0	0x384310
teon.com/root-go/root.newVerifyResponseResult	0x384310	0x3843f0
teon.com/root-go/root.getConfig	0x3843f0	0x3846a0
teon.com/root-go/root.getConfig.func1	0x3846a0	0x3846f0
teon.com/root-go/root.handleGetConfigResponse	0x3846f0	0x384900
teon.com/root-go/root.getConfigFromAWS	0x384900	0x384a70
teon.com/root-go/root.getConfigFromAWS.Printf.func2	0x384a70	0x384ae0
teon.com/root-go/root.getConfigFromAWS.Printf.func1	0x384ae0	0x384b50
teon.com/root-go/root.feedback	0x384b50	0x384e00
teon.com/root-go/root.feedback.func1	0x384e00	0x384e50
teon.com/root-go/root.report	0x384e50	0x385100
teon.com/root-go/root.report.func1	0x385100	0x385150
teon.com/root-go/root.nowInUTCByNTP	0x385150	0x3852e0
teon.com/root-go/root.nowInUTC	0x3852e0	0x385380
teon.com/root-go/root.lessThanSevenDaysFromNow	0x385380	0x3854b0
teon.com/root-go/root.moreThanAnHourDiffFromLocalTime	0x3854b0	0x3855f0
teon.com/root-go/root.showLogs	0x3855f0	0x385670
teon.com/root-go/root.shuffleStringArray	0x385670	0x3857d0
teon.com/root-go/root.shuffleStringArray.func1	0x3857d0	0x3858a0
teon.com/root-go/root.isBase64	0x3858a0	0x385970
type:.eq.teon.com/root-go/root.DoRequestResult	0x385970	0x385a80
type:.eq.teon.com/root-go/root.ConfigParams	0x385a80	0x385be0
type:.eq.teon.com/root-go/root.DeviceParams	0x385be0	0x385ce0
type:.eq.teon.com/root-go/root.VerifyResponseResult	0x385ce0	0x385d80
type:.eq.teon.com/root-go/root.FeedbackParams	0x385d80	0x385fe0
type:.eq.teon.com/root-go/root.ReportParams	0x385fe0	0x386090
type:.eq.teon.com/root-go/root.EventParams	0x386090	0x386140
type:.eq.teon.com/root-go/root.keychain	0x386140	0x386240
